Tweet Id,Tweet URL,Tweet Posted Time,Tweet Content,Tweet Type,Client,Retweets received,Likes received,User Id,Name,Username,Verified or Non-Verified,Profile URL,Protected or Not Protected
"""1164359165516496896""",https://twitter.com/katyperry/status/1164359165516496896,22-08-2019 02:10,"""if you actually wear your fanny pack around your waist you will have 7 years of bad luck""",Tweet,Twitter for iPhone,1630,13782,"""21447363""","""KATY PERRY""",katyperry,Verified,https://twitter.com/katyperry,Not Protected
"""1164287143037952000""",https://twitter.com/katyperry/status/1164287143037952000,21-08-2019 21:24,"""Yes, @cynthialovely refuses to let the sunshine fade... ever ğŸŒ Thanks @billboard #NeverEndingSummer ğŸ§¡ https://t.co/vaZ1VxF7KE""",Tweet,Twitter for iPhone,401,3604,"""21447363""","""KATY PERRY""",katyperry,Verified,https://twitter.com/katyperry,Not Protected
"""1164237129666314240""",https://twitter.com/katyperry/status/1164237129666314240,21-08-2019 18:05,"""Technically summer doesnâ€™t end until September 23rd, but it seems like itâ€™ll be a long one this year...maybe even a never-ending one, thanks to this song by @cynthialovely â˜€ğŸ¤— #NeverEndingSummer https://t.co/AmmRcquKSn https://t.co/YrJxlgHAQM""",Tweet,Twitter for iPhone,690,5955,"""21447363""","""KATY PERRY""",katyperry,Verified,https://twitter.com/katyperry,Not Protected
"""1164057424703176704""",https://twitter.com/katyperry/status/1164057424703176704,21-08-2019 06:11,"""Iâ€™m having the PRIME of my life lilnasx jeffbezos #Nugget ğŸ‘ğŸ» amazon @ Old Town Road https://t.co/qjwvTPEyH1""",Tweet,Instagram,763,6432,"""21447363""","""KATY PERRY""",katyperry,Verified,https://twitter.com/katyperry,Not Protected
"""1163970049050210304""",https://twitter.com/katyperry/status/1163970049050210304,21-08-2019 00:24,"""Add a little âœ¨shineâœ¨ to your regularly scheduled work lewk with The Jamie this #TuesdayShoesday @kpcollections https://t.co/ukwbd8iP3J""",Tweet,Twitter for iPhone,625,6411,"""21447363""","""KATY PERRY""",katyperry,Verified,https://twitter.com/katyperry,Not Protected
"""1163541461234847744""",https://twitter.com/katyperry/status/1163541461234847744,19-08-2019 20:01,"""On October 11th, Iâ€™ll be in DC for a special ğŸ¶ acoustic ğŸ¶ set for the #SilencetheViolence Benefit Concert âœ @mavisstaples and @norahjones will be joining me to help raise funds for the David Lynch Foundation toâ€¦ https://t.co/wxGQhyQs9j""",Tweet,Instagram,933,6889,"""21447363""","""KATY PERRY""",katyperry,Verified,https://twitter.com/katyperry,Not Protected
"""1162837018402934784""",https://twitter.com/katyperry/status/1162837018402934784,17-08-2019 21:22,"""Show me your ğŸŒ¼FLOWER POWERğŸŒ¼ with my new #SmallTalk filter on instagram (click on my profile to find it, see 3rd scroll) ğŸ¤— @ Small Talk! https://t.co/IbjRZvGSgU""",Tweet,Instagram,1045,8239,"""21447363""","""KATY PERRY""",katyperry,Verified,https://twitter.com/katyperry,Not Protected
"""1162411165860810752""",https://twitter.com/katyperry/status/1162411165860810752,16-08-2019 17:09,"""Havenâ€™t heard #SmallTalk yet? Now you can head to @spotify to see my new vertical video (as you so patiently wait for THE music video ğŸ™ğŸ») https://t.co/0qD83Z8aIZ https://t.co/0ISMSOTwej""",Tweet,Twitter for iPhone,3227,18872,"""21447363""","""KATY PERRY""",katyperry,Verified,https://twitter.com/katyperry,Not Protected
"""1162107758591692800""",https://twitter.com/katyperry/status/1162107758591692800,15-08-2019 21:04,"""honey every day is @cynthialovely day for me when youâ€™re the boss mom â¤ï¸â¤ï¸â¤ï¸ (updates calendar) https://t.co/DKY0JUel7K""",Tweet,Twitter for iPhone,557,5927,"""21447363""","""KATY PERRY""",katyperry,Verified,https://twitter.com/katyperry,Not Protected
"""1162094625399566336""",https://twitter.com/katyperry/status/1162094625399566336,15-08-2019 20:12,"""added to my calendar @cynthialovely â™¥ï¸â˜€ï¸ https://t.co/aL0CxdeygI""",Tweet,Twitter for iPhone,557,6278,"""21447363""","""KATY PERRY""",katyperry,Verified,https://twitter.com/katyperry,Not Protected
"""1161735142588575744""",https://twitter.com/katyperry/status/1161735142588575744,14-08-2019 20:23,"""Is that #smalltalk I hear? https://t.co/ydXKJkqtfs https://t.co/lT1lb4cVDd""",Tweet,Twitter for iPhone,2436,16020,"""21447363""","""KATY PERRY""",katyperry,Verified,https://twitter.com/katyperry,Not Protected
"""1161733358268768256""",https://twitter.com/katyperry/status/1161733358268768256,14-08-2019 20:16,"""â™¥ï¸ğŸŒ¼ https://t.co/5ahF41b4bu""",Tweet,Twitter for iPhone,1826,22727,"""21447363""","""KATY PERRY""",katyperry,Verified,https://twitter.com/katyperry,Not Protected
"""1161733145735004161""",https://twitter.com/katyperry/status/1161733145735004161,14-08-2019 20:15,"""Always lovers #MortaLinda https://t.co/8NjWkGlAwz""",Tweet,Twitter for iPhone,3080,17542,"""21447363""","""KATY PERRY""",katyperry,Verified,https://twitter.com/katyperry,Not Protected
"""1161733003841699840""",https://twitter.com/katyperry/status/1161733003841699840,14-08-2019 20:15,"""ğŸ’¬ğŸ’¬ https://t.co/vZ4b8YcPpI""",Tweet,Twitter for iPhone,1286,11478,"""21447363""","""KATY PERRY""",katyperry,Verified,https://twitter.com/katyperry,Not Protected
"""1161367924914786304""",https://twitter.com/katyperry/status/1161367924914786304,13-08-2019 20:04,"""God spelled backwards is Dog and I donâ€™t think that is a coincidenceâ˜ğŸ» @ Puppy Love https://t.co/lHYMQV8IBm""",Tweet,Instagram,1130,10762,"""21447363""","""KATY PERRY""",katyperry,Verified,https://twitter.com/katyperry,Not Protected
"""1161340709514801152""",https://twitter.com/katyperry/status/1161340709514801152,13-08-2019 18:16,"""Whether it's #SmallTalkğŸ±or big conversationsğŸ¯that are #NeverReallyOver, @kpcollections has you covered on #ShoesdayTuesday and every day ğŸ¤— https://t.co/o3H24X3utq""",Tweet,Twitter for iPhone,789,7143,"""21447363""","""KATY PERRY""",katyperry,Verified,https://twitter.com/katyperry,Not Protected
"""1160456545961857024""",https://twitter.com/katyperry/status/1160456545961857024,11-08-2019 07:42,"""Canâ€™t we all just be kind and good? Why is that so hard?""",Tweet,Twitter for iPhone,45163,146578,"""21447363""","""KATY PERRY""",katyperry,Verified,https://twitter.com/katyperry,Not Protected
"""1159951298063548416""",https://twitter.com/katyperry/status/1159951298063548416,09-08-2019 22:15,"""ğŸ’¬ğŸ’¬ https://t.co/9KykiJHfvP""",Tweet,Twitter for iPhone,1354,12369,"""21447363""","""KATY PERRY""",katyperry,Verified,https://twitter.com/katyperry,Not Protected
"""1159938738669010944""",https://twitter.com/katyperry/status/1159938738669010944,09-08-2019 21:25,"""ğŸŒ¼ https://t.co/DrxNFubYHg""",Tweet,Twitter for iPhone,1121,7791,"""21447363""","""KATY PERRY""",katyperry,Verified,https://twitter.com/katyperry,Not Protected
"""1159931392152821760""",https://twitter.com/katyperry/status/1159931392152821760,09-08-2019 20:56,"""bts of my beatboxing brother @charlieputh on March 11th 2019 doing his savant thing on #SmallTalk ğŸŒ¼ @ Small Talk! https://t.co/6H0vrMw55c""",Tweet,Instagram,916,5483,"""21447363""","""KATY PERRY""",katyperry,Verified,https://twitter.com/katyperry,Not Protected
"""1159910139291242496""",https://twitter.com/katyperry/status/1159910139291242496,09-08-2019 19:31,"""â˜ğŸ¼ https://t.co/EMqHSq5UGt""",Tweet,Twitter for iPhone,1347,11384,"""21447363""","""KATY PERRY""",katyperry,Verified,https://twitter.com/katyperry,Not Protected
"""1159909761401233408""",https://twitter.com/katyperry/status/1159909761401233408,09-08-2019 19:30,"""â¤ï¸ https://t.co/Y3g6AYJEyc""",Tweet,Twitter for iPhone,1234,8314,"""21447363""","""KATY PERRY""",katyperry,Verified,https://twitter.com/katyperry,Not Protected
"""1159898882110681089""",https://twitter.com/katyperry/status/1159898882110681089,09-08-2019 18:46,"""ğŸ—£ https://t.co/bnCG7f6Alf""",Tweet,Twitter for iPhone,2056,14584,"""21447363""","""KATY PERRY""",katyperry,Verified,https://twitter.com/katyperry,Not Protected
"""1159898271264849920""",https://twitter.com/katyperry/status/1159898271264849920,09-08-2019 18:44,"""Katy Perry's new single, Small Talk, has arrived ğŸµ  https://t.co/1SF65wv8Zi""",Tweet,Twitter for iPhone,2599,12520,"""21447363""","""KATY PERRY""",katyperry,Verified,https://twitter.com/katyperry,Not Protected
"""1159677590073831426""",https://twitter.com/katyperry/status/1159677590073831426,09-08-2019 04:07,"""Listen to #SmallTalk and watch the lyric video: https://t.co/ydXKJkqtfs And then join me on IG Live for some small talk of our own â¤ï¸ https://t.co/Ao7vVjzdgJ""",Tweet,Twitter for iPhone,4978,21444,"""21447363""","""KATY PERRY""",katyperry,Verified,https://twitter.com/katyperry,Not Protected
"""1159677110790656001""",https://twitter.com/katyperry/status/1159677110790656001,09-08-2019 04:05,"""meet me on IG imma go live and #smalltalk rn â™¥ï¸""",Tweet,Twitter for iPhone,1826,13827,"""21447363""","""KATY PERRY""",katyperry,Verified,https://twitter.com/katyperry,Not Protected
"""1159630990517473280""",https://twitter.com/katyperry/status/1159630990517473280,09-08-2019 01:02,"""Ainâ€™t it funny? â€˜Cause now thereâ€™s nothing left but...â˜ğŸ¼ https://t.co/CeDVL9z6oz""",Tweet,Twitter for iPhone,6198,36417,"""21447363""","""KATY PERRY""",katyperry,Verified,https://twitter.com/katyperry,Not Protected
"""1159585658135990277""",https://twitter.com/katyperry/status/1159585658135990277,08-08-2019 22:02,"""Strangers â¡ Lovers â¡ Strangers #SmallTalk tonight! https://t.co/CTi9fuY4F4""",Tweet,Twitter for iPhone,5869,26670,"""21447363""","""KATY PERRY""",katyperry,Verified,https://twitter.com/katyperry,Not Protected
"""1159545033491566595""",https://twitter.com/katyperry/status/1159545033491566595,08-08-2019 19:20,"""Ready for some #SmallTalk tonight? Hereâ€™s a sneak peek ğŸ‘€ at the song and lyric video. https://t.co/vN0khlXBSoâ˜ğŸ¼ https://t.co/Y3qXUR4Tll""",Tweet,Twitter for iPhone,6437,25921,"""21447363""","""KATY PERRY""",katyperry,Verified,https://twitter.com/katyperry,Not Protected
"""1159260970994360320""",https://twitter.com/katyperry/status/1159260970994360320,08-08-2019 00:32,"""100 million digital singles and still insecure ğŸ¤·ğŸ¼â€â™€ï¸ @ Capitol Records https://t.co/ap7pO0fWAc""",Tweet,Instagram,2376,16338,"""21447363""","""KATY PERRY""",katyperry,Verified,https://twitter.com/katyperry,Not Protected
"""1159162860003442688""",https://twitter.com/katyperry/status/1159162860003442688,07-08-2019 18:02,"""and now there's nothing left but #smalltalkâ˜ğŸ¼ğŸŒ¼ https://t.co/vN0khlXBSo https://t.co/jreWIw5O9T""",Tweet,Twitter for iPhone,8811,40584,"""21447363""","""KATY PERRY""",katyperry,Verified,https://twitter.com/katyperry,Not Protected
"""1159132375390887936""",https://twitter.com/katyperry/status/1159132375390887936,07-08-2019 16:01,"""#SmallTalk https://t.co/Ux9mVfaGMX""",Tweet,Twitter for iPhone,4364,22118,"""21447363""","""KATY PERRY""",katyperry,Verified,https://twitter.com/katyperry,Not Protected
"""1158921138015100928""",https://twitter.com/katyperry/status/1158921138015100928,07-08-2019 02:01,"""#SmallTalk https://t.co/c0t3TD5sVK""",Tweet,Twitter for iPhone,6137,28493,"""21447363""","""KATY PERRY""",katyperry,Verified,https://twitter.com/katyperry,Not Protected
"""1158906024830492672""",https://twitter.com/katyperry/status/1158906024830492672,07-08-2019 01:01,"""#SmallTalk https://t.co/vhitNcxAkP""",Tweet,Twitter for iPhone,4490,20815,"""21447363""","""KATY PERRY""",katyperry,Verified,https://twitter.com/katyperry,Not Protected
"""1158845655357374466""",https://twitter.com/katyperry/status/1158845655357374466,06-08-2019 21:01,"""#SmallTalk https://t.co/IpSL0aAu1t""",Tweet,Twitter for iPhone,10643,48809,"""21447363""","""KATY PERRY""",katyperry,Verified,https://twitter.com/katyperry,Not Protected
"""1158815201262575616""",https://twitter.com/katyperry/status/1158815201262575616,06-08-2019 19:00,"""If you want to walk a mile in these Hudson shoes ğŸ’ğŸ¼â€â™€ï¸ you better have (faux) crocodile skin. Rock out ğŸ¤˜ğŸ¼ with your croc out ğŸŠ on this #ShoesdayTuesday @kpcollections https://t.co/4NRnDCeXcS""",Tweet,Twitter for iPhone,778,8647,"""21447363""","""KATY PERRY""",katyperry,Verified,https://twitter.com/katyperry,Not Protected
"""1158408706641371136""",https://twitter.com/katyperry/status/1158408706641371136,05-08-2019 16:05,"""ITâ€™S OFFICIAL, 3RD SEASONâ€™S A CHARM! Excited to get the band back together with @LionelRichie and @LukeBryanOnline ğŸ™ŒğŸ¼ Get out there and audition yâ€™all! 3rd season could be your charmâœ¨#AmericanIdol #TheNextIdol https://t.co/r0n6vVMrbH""",Tweet,Twitter for iPhone,1867,16530,"""21447363""","""KATY PERRY""",katyperry,Verified,https://twitter.com/katyperry,Not Protected
"""1155507682264145920""",https://twitter.com/katyperry/status/1155507682264145920,28-07-2019 15:57,"""â™¥ï¸ happiness entrepreneurs â™¥ï¸ @ Spain https://t.co/foQ26o1ns6""",Tweet,Instagram,917,8731,"""21447363""","""KATY PERRY""",katyperry,Verified,https://twitter.com/katyperry,Not Protected
"""1154038438540148740""",https://twitter.com/katyperry/status/1154038438540148740,24-07-2019 14:39,"""Certainly fell down a rabbit hole watching your beautifully original versions of #NeverReallyOver on @youtube ğŸ¤— Keep making them and I will for sure keep clicking ğŸ§¡ https://t.co/ur0OiE97MQ"" https://t.co/cNY2zy4xFB""",Tweet,Twitter for iPhone,2465,22030,"""21447363""","""KATY PERRY""",katyperry,Verified,https://twitter.com/katyperry,Not Protected
"""1153810342717247495""",https://twitter.com/katyperry/status/1153810342717247495,23-07-2019 23:33,"""â˜€ï¸ Heatwave? â˜€ï¸ Tie it back with these Scrunchie-inspired slides @kpcollections #ShoesdayTuesday https://t.co/sULE6HYGYB https://t.co/blbTd1OWeI""",Tweet,Twitter for iPhone,632,5573,"""21447363""","""KATY PERRY""",katyperry,Verified,https://twitter.com/katyperry,Not Protected
"""1152089976911228929""",https://twitter.com/katyperry/status/1152089976911228929,19-07-2019 05:37,"""He may be a liar but those hips donâ€™t lie bb ğŸ’…ğŸ» https://t.co/equ7jFrkv3""",Tweet,Twitter for iPhone,4733,39806,"""21447363""","""KATY PERRY""",katyperry,Verified,https://twitter.com/katyperry,Not Protected
"""1152066401806381059""",https://twitter.com/katyperry/status/1152066401806381059,19-07-2019 04:03,"""Went to the drug store for ONE box of tissues... Got this long ass receipt that is #NeverReallyOverğŸ¤·ğŸ¼â€â™€ğŸ˜ https://t.co/L1TE7qJIEd https://t.co/Mg0EtF32nA""",Tweet,Twitter for iPhone,2731,14324,"""21447363""","""KATY PERRY""",katyperry,Verified,https://twitter.com/katyperry,Not Protected
"""1151976589900386304""",https://twitter.com/katyperry/status/1151976589900386304,18-07-2019 22:06,"""For your summer vacay needs, consider using https://t.co/1TO5WFg87M to send some of the money you're already spending to your favorite charities. You take the vacation, they make the donation. ğŸ™ğŸ¼""",Reply,Twitter for iPhone,498,4343,"""21447363""","""KATY PERRY""",katyperry,Verified,https://twitter.com/katyperry,Not Protected
"""1151976518827925504""",https://twitter.com/katyperry/status/1151976518827925504,18-07-2019 22:06,"""Proud of my father, Keith for continuing to do the good work and being part of the launch of @charityprotrav â¤ https://t.co/Qi3NG19mXk""",Tweet,Twitter for iPhone,969,9694,"""21447363""","""KATY PERRY""",katyperry,Verified,https://twitter.com/katyperry,Not Protected
"""1151220521167552513""",https://twitter.com/katyperry/status/1151220521167552513,16-07-2019 20:02,"""full moon = full mewd ğŸŒš""",Tweet,Twitter for iPhone,3443,27665,"""21447363""","""KATY PERRY""",katyperry,Verified,https://twitter.com/katyperry,Not Protected
"""1151158027703193602""",https://twitter.com/katyperry/status/1151158027703193602,16-07-2019 15:53,"""A new ğŸŒŠã€°waveã€°ğŸŒŠ of the Beauty School collection is out at @kpcollections! Keep checking back for more new styles ğŸ‘  #ShoesdayTuesday https://t.co/HkyEUwctht""",Tweet,Twitter for iPhone,540,5194,"""21447363""","""KATY PERRY""",katyperry,Verified,https://twitter.com/katyperry,Not Protected
"""1148691214876565504""",https://twitter.com/katyperry/status/1148691214876565504,09-07-2019 20:31,"""Shine bright like a diamond ğŸ’ #ShoesdayTuesday @kpcollections  https://t.co/5NvsrSWMFi https://t.co/tmpd8CIXSd""",Tweet,Twitter for iPhone,827,8422,"""21447363""","""KATY PERRY""",katyperry,Verified,https://twitter.com/katyperry,Not Protected
"""1146678513157566464""",https://twitter.com/katyperry/status/1146678513157566464,04-07-2019 07:13,"""bb ur a firewerk""",Tweet,Twitter for iPhone,61340,262980,"""21447363""","""KATY PERRY""",katyperry,Verified,https://twitter.com/katyperry,Not Protected
"""1146226293861519360""",https://twitter.com/katyperry/status/1146226293861519360,03-07-2019 01:16,"""Love ğŸ’„ so much youâ€™ve always wanted to wear it from head to toe? Now you can! ğŸ’‹ First round of new @kpcollections LEWKS are here! #shoesdaytuesday https://t.co/2GtvryFCns""",Tweet,Twitter for iPhone,781,7538,"""21447363""","""KATY PERRY""",katyperry,Verified,https://twitter.com/katyperry,Not Protected
"""1146192885299073024""",https://twitter.com/katyperry/status/1146192885299073024,02-07-2019 23:04,"""Mewd https://t.co/YL1xAdPzxj""",Tweet,Twitter for iPhone,2996,33790,"""21447363""","""KATY PERRY""",katyperry,Verified,https://twitter.com/katyperry,Not Protected
"""1145081190518362112""",https://twitter.com/katyperry/status/1145081190518362112,29-06-2019 21:26,"""if you wanna weekend chuckle, watch this! Love all youâ€™re doing for the environment @Schwarzenegger â¤ï¸ğŸ¤—ğŸŒ https://t.co/1yZJba6JMF""",Tweet,Twitter for iPhone,704,6758,"""21447363""","""KATY PERRY""",katyperry,Verified,https://twitter.com/katyperry,Not Protected
"""1144841462267482113""",https://twitter.com/katyperry/status/1144841462267482113,29-06-2019 05:34,"""BIG shout out to @thehomeedit for helping me with my hoarding problems err I mean... my collecting problems ğŸ˜¬ğŸ¤·ğŸ¼â€â™€ï¸ #thisismylovelanguage @ Neat Freak https://t.co/ed7t87Mzlk""",Tweet,Instagram,562,5689,"""21447363""","""KATY PERRY""",katyperry,Verified,https://twitter.com/katyperry,Not Protected
"""1144692029890240512""",https://twitter.com/katyperry/status/1144692029890240512,28-06-2019 19:40,"""ICYMI, the #NeverReallyOver vertical video (different than the actual music video) is now available for your viewing pleasure at https://t.co/OjLbN6412s https://t.co/dHuio4zTTj""",Tweet,Twitter for iPhone,2623,18766,"""21447363""","""KATY PERRY""",katyperry,Verified,https://twitter.com/katyperry,Not Protected
"""1144445699431362560""",https://twitter.com/katyperry/status/1144445699431362560,28-06-2019 03:21,"""not gonna lie i sound like Marianne Williamson after a few glasses of red ğŸ’…ğŸ»ğŸ·""",Tweet,Twitter for iPhone,2773,31897,"""21447363""","""KATY PERRY""",katyperry,Verified,https://twitter.com/katyperry,Not Protected
"""1144432850403381249""",https://twitter.com/katyperry/status/1144432850403381249,28-06-2019 02:30,"""Some of these candidates are more moods than possible presidents lol #demdebates2""",Tweet,Twitter for iPhone,651,6704,"""21447363""","""KATY PERRY""",katyperry,Verified,https://twitter.com/katyperry,Not Protected
"""1144429240185544705""",https://twitter.com/katyperry/status/1144429240185544705,28-06-2019 02:16,"""emotional moment â¤ï¸ğŸ˜¢#DemDebate2020 https://t.co/E8oenUsEbw""",Tweet,Twitter for iPhone,527,5617,"""21447363""","""KATY PERRY""",katyperry,Verified,https://twitter.com/katyperry,Not Protected
"""1144416819974770688""",https://twitter.com/katyperry/status/1144416819974770688,28-06-2019 01:26,"""https://t.co/GitCw0vXgy https://t.co/Rqnm3ILiVe""",Tweet,Twitter for iPhone,934,8675,"""21447363""","""KATY PERRY""",katyperry,Verified,https://twitter.com/katyperry,Not Protected
"""1144415188709281792""",https://twitter.com/katyperry/status/1144415188709281792,28-06-2019 01:20,"""three snaps in a z formation letâ€™s go @KamalaHarris""",Tweet,Twitter for iPhone,917,7177,"""21447363""","""KATY PERRY""",katyperry,Verified,https://twitter.com/katyperry,Not Protected
"""1143998286350565377""",https://twitter.com/katyperry/status/1143998286350565377,26-06-2019 21:43,"""this is dreams coming true in real time... if it can happen for me it can happen for you sweet @cynthialovely  ğŸ˜©â¤ï¸ https://t.co/Mueo0mJnQZ""",Tweet,Twitter for iPhone,759,6737,"""21447363""","""KATY PERRY""",katyperry,Verified,https://twitter.com/katyperry,Not Protected
"""1143939415909306370""",https://twitter.com/katyperry/status/1143939415909306370,26-06-2019 17:49,"""Cheers to @patriciabragg ğŸ¥‚ Patricia Bragg gave me my first guitar at the age of 13 in Santa Barbara, and now orlandobloom and I are so proud to be part of her next chapter. Just like the gift of music, the gift ofâ€¦ https://t.co/tBwPX9OI3X""",Tweet,Instagram,551,5009,"""21447363""","""KATY PERRY""",katyperry,Verified,https://twitter.com/katyperry,Not Protected
"""1143661480182550528""",https://twitter.com/katyperry/status/1143661480182550528,25-06-2019 23:25,"""ğŸ”¥ sale for all these ğŸ”¥ lewks, because you might just find some new faves starting tomorrow, loves! ğŸ‘€ğŸ‘  #ShoesdayTuesday @kpcollections https://t.co/dnyQAp3FlZ""",Tweet,Twitter for iPhone,604,6027,"""21447363""","""KATY PERRY""",katyperry,Verified,https://twitter.com/katyperry,Not Protected
"""1143264347310833664""",https://twitter.com/katyperry/status/1143264347310833664,24-06-2019 21:07,"""Check ur email! ğŸ“§ Were you one of the lucky #SpotifyFansFirst few to get a chance at this exclusive #NeverReallyOver necklace? ğŸ’” â¡ If not, you can still get your hands on all of the official merch here: https://t.co/rzcpD0paUV https://t.co/teja3F4QYE""",Tweet,Twitter for iPhone,972,7199,"""21447363""","""KATY PERRY""",katyperry,Verified,https://twitter.com/katyperry,Not Protected
"""1142916219592294400""",https://twitter.com/katyperry/status/1142916219592294400,23-06-2019 22:03,"""Iâ€™m back in FINAL FANTASY BRAVE EXVIUS and this time my baby Nugget is with me! ğŸ¶ğŸ’™ https://t.co/C4rz6P4W8gÂ #ffbeww https://t.co/rQMjiq4rW7""",Tweet,Twitter for iPhone,2024,15804,"""21447363""","""KATY PERRY""",katyperry,Verified,https://twitter.com/katyperry,Not Protected
"""1142132730139774976""",https://twitter.com/katyperry/status/1142132730139774976,21-06-2019 18:10,"""New season, who dis? It's the first day of summer, and it's time to MOVE. ON. with the most ğŸ˜© the most ğŸ˜­ and the most ğŸ’ªğŸ¼ moving-on songs, picked by moi. #AlexaPlay Handpicked with Katy Perry on @amazonmusic #NeverReallyOver https://t.co/suHLM6O0oM https://t.co/iV5ehhPLYq""",Tweet,Twitter for iPhone,1415,8585,"""21447363""","""KATY PERRY""",katyperry,Verified,https://twitter.com/katyperry,Not Protected
"""1141933943827996672""",https://twitter.com/katyperry/status/1141933943827996672,21-06-2019 05:00,"""KORA-grats on an illuminating vitamin c packed to perfection product - The #Nonibright serum @mirandakerr @koraorganics ğŸ’›ğŸ§¡ğŸ’–
(also, love u sissy ğŸ‘©â€â¤ï¸â€ğŸ‘©) @ Malibu, California https://t.co/HvYs85EhMj""",Tweet,Instagram,678,5486,"""21447363""","""KATY PERRY""",katyperry,Verified,https://twitter.com/katyperry,Not Protected
"""1141543441915998208""",https://twitter.com/katyperry/status/1141543441915998208,20-06-2019 03:09,"""attracted to high EQ""",Tweet,Twitter for iPhone,3441,26365,"""21447363""","""KATY PERRY""",katyperry,Verified,https://twitter.com/katyperry,Not Protected
"""1141454162569261056""",https://twitter.com/katyperry/status/1141454162569261056,19-06-2019 21:14,"""i wish I could dance as well as @DallasCPerry ğŸ˜©ğŸ§¡ #neverreallyover #Repost @DallasCPerry ãƒ»ãƒ»ãƒ» #NEVERREALLYOVER !!! enjoy my take on this cute music video and TAG @katyperry IN THE COMMENTS PLS HAPPY PRIDE LOVE U ğŸ§¡€ ¦https://t.co/haHtik9gXC""",Tweet,Instagram,735,5978,"""21447363""","""KATY PERRY""",katyperry,Verified,https://twitter.com/katyperry,Not Protected
"""1141162214046556160""",https://twitter.com/katyperry/status/1141162214046556160,19-06-2019 01:54,"""may the 18th be with u! did I do it right? ğŸ™ğŸ¼â€â™€ï¸ starwarsgalaxysedge disneyland @ Star Wars: Galaxy's Edge https://t.co/Ml8bBTTjSi""",Tweet,Instagram,745,7069,"""21447363""","""KATY PERRY""",katyperry,Verified,https://twitter.com/katyperry,Not Protected
"""1141107170123100160""",https://twitter.com/katyperry/status/1141107170123100160,18-06-2019 22:15,"""Get ready for the first day of summer with your 5 servings of fruit a day! ğŸ ğŸ‰ ğŸ‹ ğŸ‡ ğŸ‹ But of course, there's always room for dessert! ğŸ’ #ShoesdayTuesday @kpcollections https://t.co/MpKXFy2ceo""",Tweet,Instagram,657,5737,"""21447363""","""KATY PERRY""",katyperry,Verified,https://twitter.com/katyperry,Not Protected
"""1141105850305544192""",https://twitter.com/katyperry/status/1141105850305544192,18-06-2019 22:10,""". @bastilledan maaaaates pls hv ur ppl call my ppl or my ppl will call ur ppl lets make a chune https://t.co/POPrn6vYU8""",Tweet,Twitter for iPhone,1578,10719,"""21447363""","""KATY PERRY""",katyperry,Verified,https://twitter.com/katyperry,Not Protected
"""1141062174581784576""",https://twitter.com/katyperry/status/1141062174581784576,18-06-2019 19:16,"""That one mind-F ğŸ˜¬ Watch on @applemusic: https://t.co/E9vLWgklI9 #NeverReallyOver https://t.co/iENP6ZsNIz""",Tweet,Twitter for iPhone,2145,15120,"""21447363""","""KATY PERRY""",katyperry,Verified,https://twitter.com/katyperry,Not Protected
"""1140697648019623936""",https://twitter.com/katyperry/status/1140697648019623936,17-06-2019 19:08,"""As my favorite @cynthialovely might say, I feel like I've joined a cult, and it's all your fault. #NeverReallyOver BTS here ğŸ§¡ https://t.co/M3z2khOimE https://t.co/nEUeIibOQo""",Tweet,Twitter for iPhone,1735,11479,"""21447363""","""KATY PERRY""",katyperry,Verified,https://twitter.com/katyperry,Not Protected
"""1140600399319093249""",https://twitter.com/katyperry/status/1140600399319093249,17-06-2019 12:41,"""This meal is BEEF-free #MeatFreeMonday ğŸ”â™¥ï¸ğŸŸ #YNTCDmusicvideo https://t.co/m2kA0mZgQe https://t.co/yKYmnTxBy5""",Tweet,Twitter for iPhone,45718,171082,"""21447363""","""KATY PERRY""",katyperry,Verified,https://twitter.com/katyperry,Not Protected
"""1140516546223247360""",https://twitter.com/katyperry/status/1140516546223247360,17-06-2019 07:08,"""love u every day dad @ Dad Jokes Club https://t.co/hv30UX6cvj""",Tweet,Instagram,789,8458,"""21447363""","""KATY PERRY""",katyperry,Verified,https://twitter.com/katyperry,Not Protected
"""1139605869530759168""",https://twitter.com/katyperry/status/1139605869530759168,14-06-2019 18:49,"""The LEWKS are #NeverReallyOver ğŸ’ğŸ¼ Vertical video now on #TodaysTopHits @spotify ğŸ¥: @LizaVoloshin (Also, s/o @kpcollections ğŸ‘¡) https://t.co/nNaAhnkrX0 https://t.co/ZOAKKVSHni""",Tweet,Twitter for iPhone,2796,19825,"""21447363""","""KATY PERRY""",katyperry,Verified,https://twitter.com/katyperry,Not Protected
"""1139216351921414150""",https://twitter.com/katyperry/status/1139216351921414150,13-06-2019 17:01,"""#TBT to when you wrote postcards to the person/pet/thing that's #NeverReallyOver ğŸ’” ğŸ’Œ Tell your story at https://t.co/nWmRmNIc1S ğŸ“ https://t.co/jwkJDY9mNd""",Tweet,Instagram,906,6369,"""21447363""","""KATY PERRY""",katyperry,Verified,https://twitter.com/katyperry,Not Protected
"""1138976744587825157""",https://twitter.com/katyperry/status/1138976744587825157,13-06-2019 01:09,"""look at how f-ing hot my fiancÃ© is orlandobloom lucky me ğŸ˜ğŸ¤¤â™¥ï¸â™ ï¸ @ Too Darn Hot https://t.co/7GUfHXqKx1""",Tweet,Instagram,923,9334,"""21447363""","""KATY PERRY""",katyperry,Verified,https://twitter.com/katyperry,Not Protected
"""1138935278549082112""",https://twitter.com/katyperry/status/1138935278549082112,12-06-2019 22:25,"""Catch your tear drops ğŸ’§ and heal your heart ğŸ’“in the cherry blossom fields ğŸŒ¸ with @Snapchat https://t.co/C23sggVS8m https://t.co/T55mcEBz9u""",Tweet,Twitter for iPhone,3131,21215,"""21447363""","""KATY PERRY""",katyperry,Verified,https://twitter.com/katyperry,Not Protected
"""1138891136146165762""",https://twitter.com/katyperry/status/1138891136146165762,12-06-2019 19:29,"""hi bbâ€™s... do you wish #NeverReallyOver had ended differently? Well, there's another option on the #NeverReallyOver canvas on @Spotify... https://t.co/XlAZJVxXQ7 #chooseyourownadventure ğŸ’ğŸ¼â€â™€ https://t.co/xUw7tWifBO""",Tweet,Twitter for iPhone,1825,9656,"""21447363""","""KATY PERRY""",katyperry,Verified,https://twitter.com/katyperry,Not Protected
"""1138594963669815296""",https://twitter.com/katyperry/status/1138594963669815296,11-06-2019 23:52,"""feels good ğŸ§¡ taylorswift @ Let's Be Friends https://t.co/OMUtFU1ybr""",Tweet,Instagram,14131,69271,"""21447363""","""KATY PERRY""",katyperry,Verified,https://twitter.com/katyperry,Not Protected
"""1138589382108110848""",https://twitter.com/katyperry/status/1138589382108110848,11-06-2019 23:30,"""ğŸ“ğŸ’ŒğŸ“¬ https://t.co/fyNT7yBaWh""",Tweet,Twitter for iPhone,2657,15323,"""21447363""","""KATY PERRY""",katyperry,Verified,https://twitter.com/katyperry,Not Protected
"""1138513382091284480""",https://twitter.com/katyperry/status/1138513382091284480,11-06-2019 18:28,"""ğŸŒˆ On #ShoesdayTuesday and every day, take each step with PRIDE ğŸŒˆ @kpcollections https://t.co/O0aAMDyy3D https://t.co/9vEaWfqPE8""",Tweet,Twitter for iPhone,550,4750,"""21447363""","""KATY PERRY""",katyperry,Verified,https://twitter.com/katyperry,Not Protected
"""1138324077481869313""",https://twitter.com/katyperry/status/1138324077481869313,11-06-2019 05:56,"""the dark side of #neverreallyover ğŸ™ƒ https://t.co/PREgHAffaQ""",Tweet,Twitter for iPhone,1833,13458,"""21447363""","""KATY PERRY""",katyperry,Verified,https://twitter.com/katyperry,Not Protected
"""1138302135165116416""",https://twitter.com/katyperry/status/1138302135165116416,11-06-2019 04:29,"""who told you that https://t.co/tIjik0k2vX""",Tweet,Twitter for iPhone,660,6595,"""21447363""","""KATY PERRY""",katyperry,Verified,https://twitter.com/katyperry,Not Protected
"""1138241497378115584""",https://twitter.com/katyperry/status/1138241497378115584,11-06-2019 00:28,"""Sometimes I moonlight as @cynthialovelyâ€™s stylist assistant nbd ğŸ¤·ğŸ¼â€â™€ğŸ’…ğŸ» See my werk here https://t.co/G0PbYPIZLH #holyrollervideo https://t.co/bbISmKVl3V""",Tweet,Twitter for iPhone,796,7547,"""21447363""","""KATY PERRY""",katyperry,Verified,https://twitter.com/katyperry,Not Protected
"""1137932947686903808""",https://twitter.com/katyperry/status/1137932947686903808,10-06-2019 04:02,"""i am a fearless, inspired, reflective, experiencing, exuding wellness, openness, role model of kindness, human being â™¥ï¸ https://t.co/xsXM17HspV""",Tweet,Instagram,1362,10635,"""21447363""","""KATY PERRY""",katyperry,Verified,https://twitter.com/katyperry,Not Protected
"""1137244376881483776""",https://twitter.com/katyperry/status/1137244376881483776,08-06-2019 06:26,"""gratitude is one of thee highest vibrations ğŸ§¡âš¡ï¸""",Tweet,Twitter for iPhone,7236,38115,"""21447363""","""KATY PERRY""",katyperry,Verified,https://twitter.com/katyperry,Not Protected
"""1137244046051618816""",https://twitter.com/katyperry/status/1137244046051618816,08-06-2019 06:24,"""We see you and we love you! â¤ï¸ https://t.co/YSLzuYxBqt""",Tweet,Twitter for iPhone,576,5988,"""21447363""","""KATY PERRY""",katyperry,Verified,https://twitter.com/katyperry,Not Protected
"""1137070221699690496""",https://twitter.com/katyperry/status/1137070221699690496,07-06-2019 18:54,"""#FBF to the time I got matching tattoos with the greatest people ever, The KatyCats, @youtubemusic to premiere my #NeverReallyOver video ğŸ˜©ğŸ’” https://t.co/aOEgblevKk https://t.co/eWvLFqA4ui""",Tweet,Twitter for iPhone,1883,12005,"""21447363""","""KATY PERRY""",katyperry,Verified,https://twitter.com/katyperry,Not Protected
"""1136669802993336323""",https://twitter.com/katyperry/status/1136669802993336323,06-06-2019 16:22,"""#TBT to that time I watered my heart garden with my heartbroken tears. Have you seen it? ğŸ’” https://t.co/cCI4J9KqBB https://t.co/dXOZj6Utw7""",Tweet,Twitter for iPhone,2951,23341,"""21447363""","""KATY PERRY""",katyperry,Verified,https://twitter.com/katyperry,Not Protected
"""1136341067832291328""",https://twitter.com/katyperry/status/1136341067832291328,05-06-2019 18:36,"""!!!BOWLED over by your growth as an artist, @cynthialovely!!! ğŸ³â™¥ï¸ #HolyRollerVideo out now! https://t.co/G0PbYPIZLH""",Tweet,Twitter for iPhone,677,6194,"""21447363""","""KATY PERRY""",katyperry,Verified,https://twitter.com/katyperry,Not Protected
"""1136020915899310080""",https://twitter.com/katyperry/status/1136020915899310080,04-06-2019 21:24,"""I can't even go on the internet without checking @kpcollections Links (and more) in Stories ğŸ‘ ğŸ‘¡ğŸ‘¢ğŸ‘Ÿ https://t.co/jqYO4nbKwU""",Tweet,Instagram,711,5991,"""21447363""","""KATY PERRY""",katyperry,Verified,https://twitter.com/katyperry,Not Protected
"""1135798711311671296""",https://twitter.com/katyperry/status/1135798711311671296,04-06-2019 06:41,"""come thru king â¤ï¸ğŸ§¡ğŸ’›ğŸ’šğŸ’™ğŸ’œ https://t.co/lpRMWwUkbL""",Tweet,Twitter for iPhone,616,6123,"""21447363""","""KATY PERRY""",katyperry,Verified,https://twitter.com/katyperry,Not Protected
"""1135798382075629569""",https://twitter.com/katyperry/status/1135798382075629569,04-06-2019 06:40,"""pls give them a hug from meeeğŸ˜©ğŸ§¡ https://t.co/ze9T3u3M9I""",Tweet,Twitter for iPhone,1302,12480,"""21447363""","""KATY PERRY""",katyperry,Verified,https://twitter.com/katyperry,Not Protected
"""1135732143227752449""",https://twitter.com/katyperry/status/1135732143227752449,04-06-2019 02:16,"""Lose your self control and fall down the rabbit hole of #NeverReallyOver official merch now! Link in Stories ğŸ¤— https://t.co/b8a8pL3ZNO""",Tweet,Instagram,1139,7682,"""21447363""","""KATY PERRY""",katyperry,Verified,https://twitter.com/katyperry,Not Protected
"""1134893312475893761""",https://twitter.com/katyperry/status/1134893312475893761,01-06-2019 18:43,"""ğŸ’œğŸ’™ğŸ’šğŸ’›ğŸ§¡â¤ï¸ Happy Pride Month, my angels! Let us never stop lifting each other up. I see you, and I love you â¤ï¸ğŸ§¡ğŸ’›ğŸ’šğŸ’™ğŸ’œ https://t.co/o2IY1UQBWT""",Tweet,Instagram,5294,30740,"""21447363""","""KATY PERRY""",katyperry,Verified,https://twitter.com/katyperry,Not Protected
"""1134615729242804225""",https://twitter.com/katyperry/status/1134615729242804225,01-06-2019 00:20,"""bus stop to freedom ğŸ§¡#neverreallyover https://t.co/k7lslmLkue""",Tweet,Instagram,1022,6994,"""21447363""","""KATY PERRY""",katyperry,Verified,https://twitter.com/katyperry,Not Protected
"""1134610762901491714""",https://twitter.com/katyperry/status/1134610762901491714,01-06-2019 00:01,"""ğŸ¤˜ğŸ¼@youtubemusic #NeverReallyOver https://t.co/cCI4J9KqBB https://t.co/P4ivnA8GP1""",Tweet,Twitter for iPhone,2478,12875,"""21447363""","""KATY PERRY""",katyperry,Verified,https://twitter.com/katyperry,Not Protected
"""1134563267899080705""",https://twitter.com/katyperry/status/1134563267899080705,31-05-2019 20:52,"""Guess what happens when you #AskAlexa to play the Song of the Day today? Thanks @AmazonMusic! ğŸ™ŒğŸ¼ #NeverReallyOver #SOTD https://t.co/CewqG3sN8b""",Tweet,Twitter for iPhone,2748,17550,"""21447363""","""KATY PERRY""",katyperry,Verified,https://twitter.com/katyperry,Not Protected
"""1134512455357304832""",https://twitter.com/katyperry/status/1134512455357304832,31-05-2019 17:30,"""Find your first stop to a whole heart ğŸ§¡ (but donâ€™t actually get into any strange white vans ok ğŸ™…ğŸ¼â€â™€) https://t.co/65pbIRvwro""",Tweet,Twitter for iPhone,1869,11626,"""21447363""","""KATY PERRY""",katyperry,Verified,https://twitter.com/katyperry,Not Protected
